id,question
0,"What should I do after cooking the onions, carrots, and celery?"
0,How long should I simmer the mixture after adding the canned tomatoes?
0,What ingredients do I need to season the Bolognese sauce?
0,How long does it take to prepare the ingredients for this recipe?
0,What type of pasta is recommended to serve with the Bolognese sauce?
1,How long does it take to prepare the ingredients for the chicken curry?
1,What should I do after sautéing the onions until golden brown?
1,How long do I need to simmer the chicken curry for optimal flavor?
1,What dishes are recommended to serve alongside this chicken curry?
1,What are the key spices used in this chicken curry recipe?
2,What type of lettuce is used in the Caesar Salad recipe?
2,How long does it take to prepare the Caesar Salad?
2,What is the main cooking method for this dish?
2,"Can I add protein to the Caesar Salad, and if so, what kind?"
2,What should I serve alongside the Caesar Salad?
3,What temperature should I preheat the oven to for the chocolate cake?
3,How long do I need to bake the chocolate cake?
3,What ingredients do I need to combine for the dry mixture?
3,When should I let the cake cool before serving?
3,Is there a specific baking pan preparation required before adding the batter?
4,How long should I preheat the grill before cooking the salmon?
4,What seasonings should I use to rub on the salmon fillets?
4,How long do I need to cook the salmon on each side?
4,What should I use to baste the salmon while grilling?
4,What can I serve with grilled salmon for a complete meal?
5,What type of oil should I use for frying the ingredients in the fried rice recipe?
5,How long do I need to stir-fry the vegetables before adding the rice?
5,What is the best way to scramble the egg while cooking the fried rice?
5,Which vegetables can I include in this fried rice recipe besides carrots and peas?
5,How should I garnish the fried rice before serving?
6,What steps should I take to properly brown the beef before adding the other ingredients?
6,How long do I need to simmer the stew after bringing it to a boil?
6,What additional ingredients do I need to season the stew after it has simmered?
6,Can you tell me the recommended side dishes that pair well with this beef stew?
6,What specific cooking technique is used to prepare this beef stew?
7,What ingredients do I need to make these pancakes?
7,How long should I cook each pancake on both sides?
7,What should I do with the wet and dry ingredients?
7,What type of pan is recommended for frying the pancakes?
7,How can I serve the pancakes once they are cooked?
8,What spices do I need to season the ground beef for the tacos?
8,How long should I cook the beef until it is browned?
8,What should I warm the corn tortillas on?
8,What toppings do I add to the tacos after filling them with beef?
8,How do I garnish the tacos before serving them?
9,What is the main ingredient used in the sushi rolls recipe?
9,How long does it take to prepare the sushi rolls?
9,What cooking method is used to make the sushi rolls?
9,What additional ingredients should I serve with the sushi rolls?
9,What should I use to slice the sushi rolls into bite-sized pieces?
10,What main ingredient is used in the Beef Stroganoff recipe?
10,How long should I prepare the ingredients before cooking?
10,What cooking method is used for this dish?
10,What should I do after cooking the beef strips?
10,Can I serve Beef Stroganoff over something other than egg noodles?
11,What is the main ingredient used in the Chicken Alfredo recipe?
11,How long does it take to prepare the ingredients for this dish?
11,What cooking method is used to prepare the Chicken Alfredo?
11,What should I do after adding the chicken to the skillet?
11,How do I finish the dish before serving it?
12,What main ingredients do I need to prepare a Greek Salad?
12,How long does it take to prepare the Greek Salad?
12,What seasoning should I add to enhance the flavor of the salad?
12,Is there a specific cooking method used in making the Greek Salad?
12,Should the Greek Salad be served chilled or at room temperature?
13,What are the main vegetables used in the stir-fry recipe?
13,How long does it take to prepare the Vegetable Stir-Fry dish?
13,What cooking method is used for this recipe?
13,What should I serve with the Vegetable Stir-Fry?
13,How long do I need to cook the mixed vegetables for in this recipe?
14,What temperature should I preheat the oven for baking the lasagna?
14,How long do I need to cook the ground beef with onions and garlic?
14,What ingredients do I need to mix with ricotta cheese for the cheese layer?
14,"How many layers of meat sauce, noodles, and cheese mixture should I use?"
14,How long should I let the lasagna cool before serving?
15,What is the recommended oven temperature for baking the Chicken Parmesan?
15,How long should I bake the Chicken Parmesan in the oven?
15,What should I do after dredging the chicken in flour?
15,Can you explain the preparation steps for the chicken before frying?
15,What dish is suggested to serve with the Chicken Parmesan?
16,"What vegetables should I include in the soup besides onions, garlic, and celery?"
16,How long should I simmer the soup after bringing it to a boil?
16,What type of bread is recommended to serve with the soup?
16,"Can I use any specific herbs to season the soup, or are there recommended ones?"
16,What is the total time required from preparation to serving the vegetable soup?
17,What type of cuisine does this beef taco recipe belong to?
17,How long does it take to prepare and cook the beef tacos?
17,What are the main ingredients needed for the beef tacos?
17,What cooking method is used to prepare the beef in this recipe?
17,Can you provide the steps for making the beef tacos?
18,What temperature should I preheat the oven to for the Quiche Lorraine?
18,What ingredients do I need to whisk together before adding the bacon and cheese?
18,How long should the quiche be baked in the oven?
18,What should I do to the pie crust before adding the egg mixture?
18,How long should I let the quiche cool before serving?
19,What is the main ingredient used in the Buffalo Wings recipe?
19,How long does it take to prepare the chicken wings before cooking?
19,What should I mix the hot sauce with before tossing the wings?
19,What is the recommended cooking method for making Buffalo Wings?
19,What should I serve alongside the Buffalo Wings?
20,"How long should I cook the ground beef, onions, and garlic before adding the other ingredients?"
20,What spices do I need to stir into the chili?
20,What is the total cooking time required for this Chili Con Carne recipe?
20,What should I serve with the Chili Con Carne to complement the dish?
20,How long do I need to simmer the chili for it to thicken properly?
21,What should I combine with the cooked chicken strips?
21,How long does it take to prepare the Chicken Caesar Wrap?
21,What do I need to spread on the tortilla before adding the filling?
21,What type of lettuce is recommended for this recipe?
21,How should I serve the Chicken Caesar Wrap after making it?
22,What is the main ingredient used in the Sweet and Sour Pork recipe?
22,How long does it take to prepare the Sweet and Sour Pork before cooking?
22,What cooking method is used for the Sweet and Sour Pork?
22,What vegetables are sautéed along with the pork in this recipe?
22,At what point do you add the pork back into the dish during cooking?
23,What temperature should I preheat the oven to for the Eggplant Parmesan?
23,How long do I need to fry the eggplant slices until they are golden brown?
23,What ingredients do I layer with the eggplant in the baking dish?
23,How long should I bake the Eggplant Parmesan for it to be bubbly and golden?
23,What should I do after baking before serving the dish?
24,What ingredients do I need for marinating the chicken in Chicken Fajitas?
24,How long should I marinade the chicken before grilling it?
24,What cooking methods can I use for Chicken Fajitas aside from grilling?
24,What should I serve with the Chicken Fajitas after cooking?
24,How do I prepare the bell peppers and onions for this recipe?
25,How long do I need to boil the potatoes until they are tender?
25,What should I add to the mashed potatoes for flavor?
25,Is there a specific time I should set for the total preparation and cooking of the dish?
25,What is the recommended garnish for serving the garlic mashed potatoes?
25,Should I season the mashed potatoes with anything besides salt and pepper?
26,What should I bring to a boil before adding the other ingredients for the Tom Yum Soup?
26,How long do I need to let the lemongrass and other herbs simmer in the broth?
26,At what point do I add the shrimp into the soup preparation?
26,Which garnishing herb is suggested to use before serving the soup?
26,How long in total will it take to prepare and cook the Tom Yum Soup?
27,What is the total time required to prepare and cook the Beef Wellington?
27,At what temperature should I preheat my oven for this recipe?
27,How long do I need to sear the beef fillet before it is cooled down?
27,What should I spread on the puff pastry before adding the beef?
27,How long should I let the Beef Wellington rest before slicing it?
28,What are the main ingredients needed for the Caprese Salad?
28,How long does it take to prepare the Caprese Salad?
28,What is the recommended cooking method for this dish?
28,What seasonings are used in the Caprese Salad?
28,How should the ingredients be arranged on the plate?
29,What is the cooking method used for Beef Bourguignon?
29,How long should I cook the dish in the oven?
29,What ingredients do I need to soften before adding the beef back in?
29,At what temperature should I preheat the oven?
29,What can I serve with Beef Bourguignon?
30,What type of cuisine does the Pesto Pasta recipe belong to?
30,How long does it take to prepare the ingredients for the Pesto Pasta?
30,What should I blend in the food processor to make the pesto?
30,What is the main cooking method for the Pesto Pasta dish?
30,How can I enhance the Pesto Pasta when serving?
31,What is the total time required to prepare and cook the Shrimp Scampi?
31,What type of cuisine does this Shrimp Scampi recipe belong to?
31,How should I cook the shrimp to ensure they turn pink?
31,What ingredients do I need to add after cooking the garlic?
31,Are there any sides or garnishes recommended for serving the Shrimp Scampi?
32,What temperature should I preheat the oven for the apple pie?
32,How long do I need to bake the pie for it to be done?
32,What should I mix with the sliced apples before putting them in the pie crust?
32,Can I use a lattice top instead of another crust for the apple pie?
32,What is recommended to serve with the apple pie for a better dessert experience?
33,"What is the total time required to make the Chicken Pot Pie, including both preparation and cooking?"
33,At what temperature should I preheat the oven for baking the Chicken Pot Pie?
33,Can you tell me the steps for cooking the chicken and vegetables in this recipe?
33,"How long do I need to bake the Chicken Pot Pie, and what should I look for to know when it's done?"
33,What are the main ingredients needed for the Chicken Pot Pie besides chicken?
34,What ingredients do I need to blend in the food processor for the falafel?
34,How long does it take to prepare and cook the falafel in total?
34,What is the best way to ensure the falafel balls are golden brown when frying?
34,What can I serve with falafel according to the recipe?
34,Is there a specific type of oil recommended for frying the falafel?
35,What is the main cooking method used in this clam chowder recipe?
35,How long does it take to prepare the ingredients for this dish?
35,What vegetables need to be sautéed before adding the clams?
35,What should I do with the bacon after cooking it?
35,At what point do I add the cream to the clam chowder?
36,What is the main ingredient in the Spinach Artichoke Dip recipe?
36,How long does it take to prepare the Spinach Artichoke Dip before baking?
36,At what temperature should I preheat the oven for the Spinach Artichoke Dip?
36,What should I serve with the Spinach Artichoke Dip once it's ready?
36,How long do I need to bake the Spinach Artichoke Dip for it to be done?
37,What is the total time required to prepare the Jambalaya?
37,Which main ingredient is used in this Jambalaya recipe?
37,What cooking method is specified for this dish?
37,What vegetables are sautéed after cooking the sausage and chicken?
37,How should the dish be garnished before serving?
38,What temperature should I preheat the oven to for the stuffed bell peppers?
38,How long do I need to bake the stuffed bell peppers?
38,What ingredients do I need to mix with rice for the stuffing?
38,What should I do with the tops of the bell peppers before stuffing?
38,How do I know when the stuffed bell peppers are ready to serve?
39,What is the main ingredient used in the Cheese Fondue recipe?
39,How long does it take to prepare and cook the Cheese Fondue?
39,What kitchen equipment is needed to make Cheese Fondue?
39,Can you tell me what to serve with the Cheese Fondue for dipping?
39,Is the Cheese Fondue recipe considered an appetizer or a main dish?
40,What is the recommended temperature for preheating the oven when roasting the chicken?
40,How long should I roast the chicken in the baking dish?
40,What internal temperature should the chicken reach to be considered fully cooked?
40,What ingredients do I need to rub on the chicken before roasting?
40,What can I serve alongside the roasted chicken for a complete meal?
41,What should I use to marinate the beef for the kebabs?
41,How long do I need to grill the beef kebabs?
41,What is the main cuisine type for this Beef Kebabs recipe?
41,Can I serve these kebabs with anything specific?
41,How do I prepare the beef before grilling?
42,What are the main ingredients needed to make the Pumpkin Soup?
42,How long should I sauté the onions and garlic before adding the pumpkin?
42,"Can I make the soup vegetarian, and what adjustments would I need to make?"
42,What is the recommended method for pureeing the soup to achieve a smooth texture?
42,Is there a specific type of bread that pairs well with the Pumpkin Soup when serving?
43,What temperature should I preheat the oven to for the chocolate chip cookies?
43,"How long should I bake the cookies for, and what should I look for to know they are done?"
43,What ingredients do I need to cream together at the beginning of the recipe?
43,Is there any specific order in which I should add the dry ingredients to the dough?
43,How should I prepare the baking sheet before placing the cookie dough on it?
44,What vegetables do I need to sauté before adding the beans?
44,How long do I need to simmer the chili for the best flavor?
44,Are there any specific spices I need to include in the recipe?
44,What should I serve the Vegetarian Chili with?
44,Is there a recommended prep time for this dish?
45,What is the main ingredient used in the Beef Empanadas recipe?
45,How long does it take to prepare the Beef Empanadas before cooking?
45,What temperature should I preheat the oven to for baking the empanadas?
45,What filling ingredients are included in the beef mixture for the empanadas?
45,How long should the empanadas be baked until they are golden brown?
46,What type of dish is a Grilled Cheese Sandwich?
46,How long does it take to prepare the ingredients for this recipe?
46,What cooking method is used for making the Grilled Cheese Sandwich?
46,What should I serve with the Grilled Cheese Sandwich?
46,How do I achieve the perfect grill for the bread and cheese?
47,What temperature should I preheat the oven to for baking the Banana Bread?
47,How long do I need to bake the Banana Bread for it to be fully cooked?
47,What are the main ingredients required to make this Banana Bread recipe?
47,How should I prepare the bananas before mixing them with the other ingredients?
47,Is there any specific cooking equipment needed to make this Banana Bread?
48,What ingredients do I need to cook the chicken before shredding it for the quesadillas?
48,How long should I grill the quesadillas until the cheese is melted?
48,What should I do with the tortillas once I add the shredded chicken and cheese?
48,"Can I add additional fillings to the quesadillas, and if so, what would be good options?"
48,How do I serve the chicken quesadillas once they are cooked and cut into wedges?
49,What is the main ingredient used in the Avocado Toast recipe?
49,How long does it take to prepare the Avocado Toast?
49,What cooking method is used for this dish?
49,What can I use to top the avocado on the toast?
49,What ingredients are recommended for seasoning the mashed avocado?
50,What is the preparation time for the Ratatouille recipe?
50,What temperature should I preheat the oven to for this dish?
50,How long do I need to bake the Ratatouille?
50,What main ingredients do I need to prepare this French dish?
50,"Can I serve Ratatouille warm, or is it only meant to be served cold?"
51,What is the primary ingredient used in the Crab Cakes recipe?
51,How long does it take to prepare the Crab Cakes before cooking?
51,What cooking method is used for the Crab Cakes?
51,What ingredients do I need to mix with the crab meat?
51,What should I serve with the Crab Cakes?
52,What are the main ingredients needed for the Chicken Shawarma recipe?
52,How long should I marinate the chicken before grilling it?
52,What cooking method is used for preparing the Chicken Shawarma?
52,What toppings do I serve with the Chicken Shawarma in pita bread?
52,How long does it take to cook the chicken after marinating?
53,What is the main ingredient used in the Macaroni and Cheese recipe?
53,How long does it take to prepare the Macaroni and Cheese before cooking?
53,What cooking method is used for making Macaroni and Cheese?
53,What ingredients are needed to make the cheese sauce for the recipe?
53,At what temperature should the Macaroni and Cheese be baked until bubbly and golden?
54,What main ingredient do I need to prepare Buffalo Chicken Dip?
54,How long does it take to prepare and cook this recipe?
54,What is the cooking method for Buffalo Chicken Dip?
54,What should I serve with the finished dip?
54,Can I use another type of cheese in this recipe?
55,What is the main cooking method used for the Turkey Meatballs?
55,How long do I need to bake the meatballs?
55,What temperature should I preheat the oven to for this recipe?
55,What are the main ingredients mixed with the ground turkey?
55,Can I serve the meatballs with something other than marinara sauce?
56,What is the main ingredient used in Egg Drop Soup?
56,How long do I need to prepare the ingredients for this recipe?
56,What is the first step in making Egg Drop Soup?
56,What should I add to the soup after the eggs have cooked?
56,How should I serve Egg Drop Soup once it's done?
57,What are the key ingredients needed for the Pulled Pork Sandwiches recipe?
57,How long in total will it take to prepare and cook the Pulled Pork Sandwiches?
57,What is the cooking method used in this recipe for Pulled Pork Sandwiches?
57,Can you clarify how the pork shoulder is served after cooking?
57,What additional toppings are suggested to serve with the Pulled Pork Sandwiches?
58,What is the main ingredient used in the Frittata recipe?
58,How long does it take to prepare the Frittata before baking?
58,What temperature should I preheat the oven to for this Frittata?
58,What is the first step in the cooking instructions for the Frittata?
58,"Can the Frittata be served cold, or does it need to be served warm?"
59,What is the total preparation and cooking time for the Crème Brûlée recipe?
59,At what temperature should I preheat the oven for baking the Crème Brûlée?
59,What ingredients do I need to whisk together before adding the cream?
59,How long should the ramekins bake in the water bath for the best results?
59,What is the final step to prepare the Crème Brûlée before serving?
60,What is the main ingredient used in the Teriyaki Chicken recipe?
60,How long does it take to prepare the chicken before cooking?
60,What cooking method is used to make the Teriyaki Chicken?
60,What should I serve with the Teriyaki Chicken?
60,How long should I grill the chicken until it is cooked through?
62,What temperature should I set my oven to for Chicken Kiev?
62,How long do I need to prepare the chicken before cooking?
62,What ingredients do I need for the filling in the Chicken Kiev?
62,How long should I bake the Chicken Kiev for?
62,What should the Chicken Kiev look like when it's done cooking?
63,What type of pasta should I use for the Spaghetti Carbonara recipe?
63,How long does it take to prepare the Spaghetti Carbonara dish?
63,What cooking method is used to make the Spaghetti Carbonara?
63,Can I substitute pancetta with something else in this recipe?
63,What should I serve with Spaghetti Carbonara for additional flavor?
64,What is the main ingredient used in the Sweet Potato Fries recipe?
64,How long does it take to prepare the Sweet Potato Fries before cooking?
64,At what temperature should I preheat the oven for this recipe?
64,What spices are used to season the sweet potatoes in the recipe?
64,How long should I bake the sweet potato fries for them to be crispy?
65,What is the main ingredient used in the Pad Thai recipe?
65,How long should I soak the rice noodles?
65,What ingredients do I need to add after stir-frying the tofu or shrimp?
65,What type of cuisine does this Pad Thai recipe belong to?
65,How do I garnish the dish before serving?
66,What are the steps to prepare the Banana Split?
66,How long does it take to prepare this dessert?
66,Which main ingredient is used in the Banana Split recipe?
66,What type of dish is the Banana Split classified as?
66,What toppings are added on top of the Banana Split?
67,What are the main steps involved in preparing Chicken Marsala?
67,How long do I need to cook the chicken after returning it to the pan?
67,What side dishes can I serve with Chicken Marsala?
67,What should I do with the mushrooms in the cooking process?
67,Do I need to prepare the chicken in any special way before cooking?
68,What type of oil should I use for the stir-fry?
68,Which vegetables are included in the Beef Stir-Fry recipe?
68,How long do I need to cook the beef and vegetables?
68,What sauces are added to the stir-fry for flavor?
68,Can I serve the Beef Stir-Fry with options other than rice?
69,What temperature should I set my oven to when making Eggplant Rollatini?
69,How long do I need to bake the eggplant until it becomes tender?
69,What ingredients should I spread on the sliced eggplant before rolling it up?
69,How long will the assembled Eggplant Rollatini need to bake in the oven?
69,What type of cheese is used to top the Eggplant Rollatini before baking?
70,What temperature should I preheat the oven to for baking the Pumpkin Pie?
70,How long does it take to prepare the ingredients for this recipe?
70,What are the key ingredients mixed with the pumpkin puree for the filling?
70,How long should I bake the pie until the filling is set?
70,Is it recommended to serve the Pumpkin Pie with anything specific?
71,What is the main ingredient in the Chicken and Waffles recipe?
71,How long does it take to prepare and cook the dish?
71,What cooking method is used for the chicken?
71,How should the chicken be served with the waffles?
71,Can I use a pre-made waffle mix for this recipe?
72,What ingredients do I need to marinate the shrimp for the tacos?
72,How long should I grill the shrimp for the shrimp tacos?
72,What toppings do I add to the shrimp tacos besides the grilled shrimp?
72,What is the total preparation and cooking time for the shrimp tacos?
72,What type of dish are the shrimp tacos classified as?
73,What ingredients do I need to make crepes?
73,How long do I need to prepare and cook the crepes in total?
73,What cooking method is used for cooking the crepes?
73,At what point do I add the fillings to the crepes?
73,Can you tell me how I should serve the crepes once they are cooked?
74,What is the main ingredient used in the Buffalo Chicken Wings recipe?
74,How long should I fry the chicken wings to achieve a crispy texture?
74,What should I toss the fried wings with after cooking?
74,What are the suggested side items to serve with the wings?
74,How long does the overall preparation and cooking take for this recipe?
75,What are the main ingredients needed for the Chocolate Mousse recipe?
75,How long does it take to prepare the Chocolate Mousse before chilling?
75,What is the cooling time required for the Chocolate Mousse after preparing?
75,What specific technique should be used when combining the chocolate and whipped cream?
75,Is there a suggested garnish for the Chocolate Mousse before serving?
76,What is the main ingredient in the Teriyaki Beef recipe?
76,How long should I marinate the beef strips in the teriyaki sauce?
76,What cooking method is used to prepare the Teriyaki Beef?
76,How long does it take to grill the beef after marinating?
76,What should I serve with the grilled Teriyaki Beef?
77,What is the primary ingredient used in the Greek Moussaka recipe?
77,How long does it take to prepare the Greek Moussaka before baking?
77,Can you tell me the cooking method used for this dish?
77,What type of sauce is used to top the Greek Moussaka before baking?
77,What are the main components layered in the baking dish for the Moussaka?
78,What is the main ingredient used in the Salmon Sushi recipe?
78,How long does it take to prepare the Salmon Sushi before cooking?
78,What type of cuisine does this Salmon Sushi recipe belong to?
78,What are the additional ingredients to serve with the Salmon Sushi?
78,Can you explain the rolling method used in the recipe for Salmon Sushi?
79,What is the main ingredient used in the Cauliflower Rice recipe?
79,How long does it take to prepare and cook the Cauliflower Rice?
79,What cooking method is used to make Cauliflower Rice?
79,Can you suggest ways to season the Cauliflower Rice beyond salt and pepper?
79,What is a serving suggestion for Cauliflower Rice?
80,What is the main ingredient used in the French Onion Soup recipe?
80,How long should I prepare the ingredients before cooking?
80,What cooking method is used for this soup?
80,What should I top the soup with before serving?
80,How do I know when the onions are caramelized?
82,What is the main ingredient used in the Chicken Enchiladas recipe?
82,How long does it take to prepare the Chicken Enchiladas before cooking?
82,What type of cuisine does this Chicken Enchiladas recipe belong to?
82,What cooking method is used for the Chicken Enchiladas?
82,What should I do with the tortillas before placing them in the baking dish?
83,What are the main ingredients used in the Carrot Cake recipe?
83,How long does it take to prepare the Carrot Cake before baking?
83,What is the total cooking time for the Carrot Cake?
83,What type of icing should be used to frost the Carrot Cake?
83,What cooking method is used for this Carrot Cake?
84,How long should I marinate the salmon in teriyaki sauce?
84,What is the total time required to prepare and cook the dish?
84,What should I serve with the grilled salmon?
84,What cooking method is used for this recipe?
84,Is this dish considered a main course or appetizer?
85,What vegetables should I use in the Quinoa Salad?
85,How long does it take to prepare the Quinoa Salad?
85,Do I need to cook the quinoa for this recipe?
85,What type of cheese is included in the Quinoa Salad?
85,Is the Quinoa Salad served warm or cold?
86,What temperature should I preheat the oven to for making lemon bars?
86,What ingredients do I need to prepare the crust for the lemon bars?
86,How long do I need to bake the crust until it is golden?
86,What ingredients are mixed to create the filling for the lemon bars?
86,"After pouring the filling over the crust, how long should I bake the bars until they are set?"
87,How long should I marinate the chicken for the Chicken Tikka Masala?
87,What ingredients do I need to marinate the chicken?
87,What type of cuisine does this Chicken Tikka Masala recipe belong to?
87,How long does it take to cook the Chicken Tikka Masala after preparation?
87,What can I serve with Chicken Tikka Masala?
88,What are the main ingredients used in the Chili Con Carne recipe?
88,How long do I need to prepare the ingredients before cooking?
88,What is the total cooking time for this dish?
88,What cooking method is used to prepare the Chili Con Carne?
88,What can I serve alongside the Chili Con Carne?
89,What main ingredients do I need to prepare the Lentil Soup?
89,"How long should I sauté the onions, garlic, and carrots?"
89,What cooking method is used to make the Lentil Soup?
89,What should I serve with the Lentil Soup?
89,How long does it take to cook the lentils until they are tender?
93,What are the main ingredients needed to make the pancakes?
93,How long does it take to prepare and cook the pancakes?
93,What cooking method is used to make these pancakes?
93,How do you know when to flip the pancakes while cooking?
93,What should I serve with the pancakes for a complete breakfast?
94,What is the main ingredient used in the Grilled Shrimp recipe?
94,How long should I marinate the shrimp before grilling?
94,What cooking method is used to prepare the shrimp?
94,How long does it take to cook the shrimp on the grill?
94,What should I serve with the grilled shrimp for best flavor?
95,What types of vegetables are included in this stir-fry recipe?
95,How long should I stir-fry the vegetables for optimal crisp-tenderness?
95,What cooking method is used for this Vegetable Stir-Fry?
95,Can I serve the stir-fry with rice or noodles?
95,What is the total time needed for preparation and cooking of this dish?
98,What is the main ingredient in the Tiramisu recipe?
98,How long do I need to chill the Tiramisu before serving?
98,What are the first steps in preparing Tiramisu?
98,How long does the total cooking process take for Tiramisu?
98,What should I do before serving the Tiramisu?
99,What types of fruits are recommended for this fruit salad?
99,Is it necessary to cook the fruit salad or can it be served raw?
99,How long should I prepare the fruit salad before serving it?
99,Can I add additional ingredients beyond honey or lemon juice?
99,What is the recommended serving temperature for this fruit salad?
101,What are the main ingredients needed for the Sweet and Sour Chicken recipe?
101,How long does it take to prepare and cook the Sweet and Sour Chicken?
101,What cooking method is used in the Sweet and Sour Chicken recipe?
101,What type of cuisine does the Sweet and Sour Chicken belong to?
101,How is the sauce for the Sweet and Sour Chicken made?
104,What ingredients do I need to season the beef for the burritos?
104,How long do I need to bake the burritos?
104,What should I put inside the tortillas besides beef?
104,Do I need to cover the baking dish while cooking?
104,What is the total time required from prep to baking for this recipe?
105,What herbs and spices should I use to season the lamb chops?
105,How long should I grill the lamb chops for perfect doneness?
105,What can I serve as a side dish along with the lamb chops?
105,Can you recommend how to prepare the mint yogurt sauce?
105,What type of vegetables work best for roasting with lamb chops?
106,What is the main ingredient used in the Chicken Noodle Soup recipe?
106,How long does it take to prepare the Chicken Noodle Soup?
106,What cooking method is used to make the Chicken Noodle Soup?
106,What should you serve the Chicken Noodle Soup with?
106,How long do you simmer the ingredients for the Chicken Noodle Soup?
107,What type of beverage is the Pumpkin Spice Latte classified as?
107,How long does it take to prepare and cook the Pumpkin Spice Latte?
107,What are the key spices used in the Pumpkin Spice Latte recipe?
107,What is the main ingredient that gives the Pumpkin Spice Latte its flavor?
107,What process is used to combine the milk and coffee in this recipe?
108,What do I need to marinate the chicken skewers?
108,How long should I grill the chicken skewers?
108,What sauce should I serve with the satay?
108,What is the total time required to make this recipe?
108,Is this dish considered an appetizer or a main course?
109,What temperature should I preheat the oven to for roasting Brussels sprouts?
109,How long do I need to cook the Brussels sprouts?
109,What ingredients do I need to toss with the Brussels sprouts before roasting?
109,How should the Brussels sprouts look when they are done roasting?
109,Is this recipe suitable as a side dish in American cuisine?
110,What temperature should I preheat the oven for the Apple Crisp?
110,How long do I need to bake the Apple Crisp until it's ready?
110,What ingredients do I mix with the sliced apples for the filling?
110,What should I use to make the crumbly topping for the Apple Crisp?
110,What is the total preparation and cooking time for this dessert?
112,What temperature should I preheat the oven to for baking the cheesecake?
112,How long do I need to bake the cheesecake until it's set?
112,What ingredients do I need to mix with the cream cheese?
112,"Do I need to chill the cheesecake after baking, and if so, for how long?"
112,"Can I customize the cheesecake topping, and what are some options?"
113,What are the main ingredients needed for the Chicken Caesar Wrap?
113,How long does it take to prepare and cook the Chicken Caesar Wrap?
113,What cooking method is used in the Chicken Caesar Wrap recipe?
113,How should I serve the Chicken Caesar Wrap once it's made?
113,Can you provide the steps to make the Chicken Caesar Wrap?
114,What is the main cooking method used for this vegetable soup?
114,How long is the total time required to prepare and cook this dish?
114,Which vegetables should I sauté first according to the recipe?
114,What should I do to the soup after adding the broth and vegetables?
114,What seasonings are suggested for flavoring the vegetable soup?
115,What temperature should I preheat the oven for baking the Margherita Pizza?
115,How long do I need to prepare the ingredients before baking the pizza?
115,What type of cheese do I need to use for this Margherita Pizza recipe?
115,What are the key toppings I should add on top of the pizza dough?
115,How long should I bake the pizza until the crust is golden?
117,What are the main ingredients needed for the Greek Salad?
117,How long does it take to prepare the Greek Salad?
117,What cooking method is used for the Greek Salad?
117,Is there any cooking time involved in making this Greek Salad?
117,What should be done with the Greek Salad before serving?
120,What type of cheese do I need for the lasagna recipe?
120,How long should I bake the lasagna for?
120,What is the total time required to prepare this lasagna?
120,What is the main cooking method used in this lasagna recipe?
120,Which cuisine does this lasagna recipe belong to?
121,What is the main ingredient used in the Clam Chowder recipe?
121,How long does it take to prepare the Clam Chowder before cooking?
121,What cooking method is used for making the Clam Chowder?
121,What should you do after sautéing the onions and celery?
121,What seasonings are used to flavor the Clam Chowder?
122,What is the main ingredient used in the Beef Kabobs recipe?
122,How long should I marinate the beef chunks before grilling?
122,What cooking method is recommended for preparing Beef Kabobs?
122,What should I serve alongside the Beef Kabobs?
122,What is the total time required to prepare and cook the Beef Kabobs?
124,How long does it take to prepare the Pear Crisp before baking?
124,What temperature should the oven be set to for baking the Pear Crisp?
124,What ingredients are mixed with the sliced pears in the recipe?
124,What is the main cooking method used in making this Pear Crisp dessert?
124,How do you know when the Pear Crisp is done baking?
125,What is the main ingredient used in the Buffalo Cauliflower recipe?
125,How long does it take to prepare the cauliflower before baking?
125,What cooking method is used to make the Buffalo Cauliflower?
125,What should I toss the cauliflower florets in before baking?
125,Is there a dipping sauce recommended to serve with this dish?
127,What is the main ingredient used in the Sweet Corn Soup recipe?
127,How long does it take to prepare the ingredients for the soup?
127,What specific cooking method is used to make the soup?
127,"After cooking, what do you need to do to the soup before serving?"
127,What seasonings are recommended to finish the soup?
129,What is the main ingredient used in the Chili Cheese Fries recipe?
129,How long should I bake the French fries to make them crispy?
129,At what temperature do I return the fries to melt the cheese?
129,What additional topping is suggested to serve with the Chili Cheese Fries?
129,What is the total time required from preparation to cooking for this recipe?
144,What is the main ingredient used in the Stuffed Mushrooms recipe?
144,How long does it take to prepare the Stuffed Mushrooms before baking?
144,What ingredients are used to stuff the mushrooms?
144,What cooking method is used for this appetizer?
144,How long should I bake the stuffed mushrooms until they are ready?
147,What is the main ingredient used in Beef Enchiladas?
147,How long does the preparation take for this recipe?
147,What cooking method is used for Beef Enchiladas?
147,How should I prepare the tortillas before baking?
147,What should I do after rolling up the tortillas?
150,What is the main ingredient used in the Fruit Tart recipe?
150,What temperature should I preheat the oven to for baking the tart?
150,How long do I need to bake the tart shell?
150,What fruits can I use to top the tart?
150,Is there any specific glaze mentioned to brush on the tart?
151,How long should I simmer the chili to achieve the right thickness?
151,What are the main ingredients needed for the Beef Chili recipe?
151,Can I use a different type of meat instead of ground beef for this recipe?
151,What is the total time required to prepare and cook the beef chili?
151,What should I serve with the Beef Chili for a complete meal?
152,What ingredients do I need to fill the tortillas for the vegetarian burritos?
152,How long does it take to prepare the vegetarian burritos before baking?
152,What is the cooking method used for the vegetarian burritos?
152,What type of cheese should I use for the vegetarian burritos?
152,How do I know when the vegetarian burritos are done baking?
156,What is the main ingredient used in Quiche Lorraine?
156,How long should I prepare the pie crust for this dish?
156,What ingredients do I mix with the eggs for the filling?
156,What cooking method is used for Quiche Lorraine?
156,How long do I need to bake the quiche until it's set?
157,What is the main ingredient in the Peach Cobbler recipe?
157,How long does the preparation take for this dessert?
157,What cooking method is used to make Peach Cobbler?
157,Is the Peach Cobbler recipe considered an American dish?
157,What should I do with the peaches before baking?
158,What are the main ingredients needed for the Chicken Tacos recipe?
158,How long does it take to prepare the Chicken Tacos?
158,What is the cooking method used for the Chicken Tacos?
158,What toppings should I include when serving the Chicken Tacos?
158,Do I need to marinate the chicken before grilling for the Chicken Tacos?
159,What ingredients do I need to make the Beef Meatballs?
159,How long do I need to prepare the Beef Meatballs before cooking?
159,What cooking method is used for preparing the Beef Meatballs?
159,What should I serve with the Beef Meatballs?
159,At what temperature do I need to bake the Beef Meatballs?
160,What are the key steps in preparing the Strawberry Shortcake?
160,How long does it take to prepare the biscuits for the shortcake?
160,What is the main ingredient in the dessert?
160,Is there a specific cuisine associated with this recipe?
160,Should the Strawberry Shortcake be served right after making it?
164,What is the main ingredient used in the Greek Yogurt Parfait?
164,How long does it take to prepare the Greek Yogurt Parfait?
164,What is the cooking method for making the Greek Yogurt Parfait?
164,What should I layer with Greek yogurt in the parfait?
164,Is there any cooking time required for this recipe?
167,What type of pasta is used in the Lasagna Roll-Ups recipe?
167,How long does it take to prepare the Lasagna Roll-Ups before baking?
167,What is the primary cooking method for the Lasagna Roll-Ups?
167,What ingredients are mixed with ricotta cheese for the filling?
167,How should the Lasagna Roll-Ups be topped before baking?
168,What types of vegetables should I use for the skewers?
168,How long do I need to grill the skewers?
168,Do I need to marinate the vegetables before grilling?
168,What herbs would pair well with the grilled vegetables?
168,Is there a specific type of olive oil that you recommend for grilling?
169,What is the main ingredient in the Chicken Cacciatore recipe?
169,How long does it take to prepare the Chicken Cacciatore?
169,What cooking method is used for the Chicken Cacciatore?
169,Can you tell me what to serve with Chicken Cacciatore?
169,What ingredients do I sauté with the chicken?
170,What main ingredient is used in the Caprese Salad recipe?
170,How long does it take to prepare the Caprese Salad?
170,What type of dish is the Caprese Salad considered?
170,Can you describe the cooking method used for this recipe?
170,What ingredients are layered in the Caprese Salad?
172,How do I prepare the chicken for the potstickers?
172,What vegetables should I mix with the ground chicken?
172,How do I fold the dumpling wrappers properly?
172,What kind of dipping sauce do you recommend for serving?
172,What is the total time required for preparing and cooking the potstickers?
174,What is the main ingredient in the Chicken Fried Rice recipe?
174,How long does it take to prepare the Chicken Fried Rice?
174,What vegetables should I include for this dish?
174,What should I do with the eggs in the Chicken Fried Rice recipe?
174,How do I garnish the Chicken Fried Rice before serving?
175,What type of dish is the Cheese Stuffed Meatballs recipe?
175,How long does it take to prepare the Cheese Stuffed Meatballs?
175,What is the main ingredient used in the Cheese Stuffed Meatballs?
175,What cooking method is employed for the Cheese Stuffed Meatballs?
175,What do I need to do with the ground beef before baking the meatballs?
177,What is the main ingredient in the Beef Empanadas recipe?
177,How long should I bake the empanadas for?
177,What type of cuisine do Beef Empanadas belong to?
177,What cooking method is used for this dish?
177,How long does it take to prepare the Beef Empanadas?
178,What fresh fruits can I use in the smoothie?
178,How long does it take to prepare the fruit smoothie?
178,Do I need to cook anything for this recipe?
178,What do I need to blend the fruits with?
178,Should the smoothie be served cold or at room temperature?
180,What is the main ingredient used in this Thai Green Curry recipe?
180,How long does it take to prepare the dish before cooking?
180,What cooking method is recommended for this recipe?
180,Which types of vegetables should I add to the curry?
180,What should I serve with the Thai Green Curry?
184,What are the main ingredients in the Spinach Salad recipe?
184,How long do I need to prepare this salad?
184,Is any cooking involved in making the Spinach Salad?
184,What dressing is used for the Spinach Salad?
184,Can you tell me the method to prepare the Spinach Salad?
186,What is the main ingredient in the Grilled Portobello Mushrooms recipe?
186,How long should I marinate the portobello mushrooms?
186,What type of cuisine does the Grilled Portobello Mushrooms belong to?
186,What is the total time required to prepare and cook this dish?
186,What method is used to cook the portobello mushrooms?
187,What is the main ingredient in the Apple Cinnamon Oatmeal recipe?
187,How long does it take to prepare the Apple Cinnamon Oatmeal?
187,What cooking method is used for this oatmeal dish?
187,What do I need to stir in with oats while cooking?
187,How do I know when the apples are done cooking in the oatmeal?
188,How long do I need to cook the chicken in the slow cooker?
188,What type of sauce is used for the Pulled BBQ Chicken?
188,What side dish is recommended to serve with this recipe?
188,How much preparation time is needed before cooking the chicken?
188,What should I do after the chicken is cooked?
190,What is the main ingredient used in the Banana Bread recipe?
190,How long does it take to prepare the ingredients for this recipe?
190,What cooking method is used to make the Banana Bread?
190,How long should the Banana Bread be baked in the oven?
190,What should I check with a toothpick to know when the Banana Bread is done?
192,What is the main ingredient in the Beef and Broccoli Stir-Fry recipe?
192,How long does it take to prepare the ingredients for this recipe?
192,What cooking method is used for making this dish?
192,What additional flavors are added to the stir-fry besides soy sauce?
192,Is there a recommended side dish to serve with the Beef and Broccoli Stir-Fry?
196,What are the main ingredients needed for the Blueberry Muffins?
196,How long does it take to prepare the ingredients for this recipe?
196,What is the cooking method used to make the Blueberry Muffins?
196,At what temperature should the muffins be baked?
196,What color should the muffins be when they are done baking?
197,What are the main ingredients needed for the Peach Smoothie?
197,How long does it take to prepare the Peach Smoothie?
197,What cooking method is used to make the Peach Smoothie?
197,Should the Peach Smoothie be served warm or chilled?
197,Is there any cooking time required for the Peach Smoothie?
199,What is the total time required to prepare and cook the roast chicken?
199,Can you recommend any specific herbs and spices to season the chicken?
199,What temperature should the oven be set to for roasting the chicken?
199,Are there any suggested vegetables to serve with the roast chicken?
199,How do I know when the chicken is cooked through?
200,What are the main ingredients needed for the Apple Cider Donuts recipe?
200,How long does it take to prepare the Apple Cider Donuts?
200,What is the cooking method used for these donuts?
200,What should I coat the fried donuts with before serving?
200,How do I mix the ingredients for the Apple Cider Donuts?
204,What is the main ingredient used in the Fettuccine Alfredo recipe?
204,How long does it take to prepare Fettuccine Alfredo?
204,Can you specify the cooking method for this dish?
204,What is the process for making the sauce in this recipe?
204,What should be added before serving Fettuccine Alfredo?
205,What are the key ingredients needed for the Tomato Basil Soup?
205,How long does it take to prepare the soup before cooking?
205,What is the main cooking method used in this recipe?
205,Should I blend the ingredients before or after adding the cream?
205,What is a suggested serving option to pair with the soup?
206,What are the main ingredients in the Chicken Salad recipe?
206,How long does it take to prepare the Chicken Salad?
206,Is any cooking required for the Chicken Salad?
206,What method is used to make the Chicken Salad?
206,How can I serve the Chicken Salad?
210,What is the main ingredient for the Apple Cider Glazed Pork Chops recipe?
210,How long does it take to prepare the dish?
210,What cooking method is used for the pork chops?
210,What mixture is used for glazing the pork chops?
210,What should I serve with the pork chops?
211,What are the main ingredients needed to prepare Spaghetti Aglio e Olio?
211,How long does it take to prepare and cook this dish?
211,What cooking method is used for making this spaghetti?
211,What should I toss the spaghetti with after cooking?
211,How can I garnish my Spaghetti Aglio e Olio for serving?
212,What is the main ingredient used in the Baked Ziti recipe?
212,How long does it take to prepare the Baked Ziti before cooking?
212,What type of cuisine does this Baked Ziti recipe belong to?
212,What method is used to cook the Baked Ziti?
212,What should I mix with the cooked ziti pasta according to the recipe?
213,What are the main ingredients in the Vegetable Lasagna recipe?
213,How long does it take to prepare the Vegetable Lasagna before cooking?
213,What is the primary cooking method used for this dish?
213,At what temperature do I need to bake the Vegetable Lasagna?
213,What type of cheese is used to top the lasagna before baking?
214,What is the main ingredient in the Chocolate Chip Cookies recipe?
214,How long does it take to prepare the cookies before baking?
214,What cooking method is used for making the Chocolate Chip Cookies?
214,What should the cookies look like when they are done baking?
214,Which cuisine does the Chocolate Chip Cookies belong to?
215,What is the main ingredient in the Balsamic Glazed Chicken recipe?
215,How long should I grill the chicken for this dish?
215,What glaze ingredients are used in the recipe?
215,Is this dish meant to be served as a main course or appetizer?
215,What side should I serve with the Balsamic Glazed Chicken?
217,What are the main ingredients needed for the Chicken Caesar Salad?
217,How long does it take to prepare the Chicken Caesar Salad?
217,Is any cooking required for this recipe aside from assembling?
217,What type of cuisine does the Chicken Caesar Salad belong to?
217,What is the finishing touch to be added on top of the salad?
218,What type of dish is this recipe for?
218,What is the main ingredient used in the Vegetable Curry?
218,How long should I cook the Vegetable Curry?
218,What are the key components of the curry sauce?
218,What can I serve with the Vegetable Curry?
219,What is the main ingredient used in the Beef Satay recipe?
219,How long does it take to prepare the Beef Satay before cooking?
219,What cooking method is used for making Beef Satay?
219,What type of dish is Beef Satay classified as?
219,What sauce is served with the Beef Satay?
221,What are the main ingredients needed to make the chocolate cake?
221,How long does it take to prepare the chocolate cake before baking?
221,What should I look for to know when the cake is done baking?
221,Is there an optional topping for the chocolate cake?
221,What cooking method is used for this chocolate cake recipe?
223,What is the main ingredient used in the Mango Sticky Rice recipe?
223,How long does it take to prepare the Mango Sticky Rice?
223,What cooking method is used for this Thai dessert?
223,What should I serve the sticky rice with for this recipe?
223,How long do I need to cook the rice for this dish?
224,What is the main ingredient in the Garlic Butter Shrimp recipe?
224,How long does it take to prep and cook the dish?
224,What cooking method is used for making Garlic Butter Shrimp?
224,What should I serve with the shrimp?
224,Is Garlic Butter Shrimp an appetizer or a main dish?
226,What are the steps to prepare the salmon for baking?
226,How long should I bake the salmon for optimal cooking?
226,What side dishes pair well with baked salmon?
226,Is there a recommended way to season the salmon fillets?
226,How should I serve the baked salmon once it's done?
228,What is the main ingredient required for the pancake recipe?
228,How long does it take to prepare and cook the pancakes?
228,What cooking method do I use for this pancake recipe?
228,What should I do after the bubbles form while cooking the pancakes?
228,What are the recommended toppings for serving the pancakes?
230,What type of dish is the Potato Gratin?
230,How long does it take to prepare the Potato Gratin?
230,What is the main ingredient used in this recipe?
230,What is the cooking method for the Potato Gratin?
230,What are the key components to layer with the potatoes?
231,What is the main ingredient for the Grilled Steak recipe?
231,How long does it take to prepare the steak before grilling?
231,What cooking method is used for this dish?
231,What should be served alongside the grilled steak?
231,How long should the steak be grilled for?
233,What are the main ingredients needed to make Goulash?
233,How long do I need to simmer the beef for this recipe?
233,Is there a specific type of bread recommended to serve with Goulash?
233,What cuisine is Goulash associated with?
233,Can I use other vegetables besides potatoes in this Goulash recipe?
234,What ingredients do I need for the Chickpea Salad?
234,How long does it take to prepare the salad?
234,Is there any cooking involved in this recipe?
234,What is the main ingredient in the Chickpea Salad?
234,What should I drizzle on top of the salad?
235,What type of rice should I use for the Mushroom Risotto?
235,How long does it take to prepare the ingredients for this recipe?
235,What cooking method is used to make the Mushroom Risotto?
235,How do I achieve a creamy texture in the risotto?
235,Should I add any other ingredients besides mushrooms and Parmesan cheese?
236,What is the main ingredient used in the Beef and Ale Pie recipe?
236,How long does it take to prepare the Beef and Ale Pie before cooking?
236,What cooking method is used for the Beef and Ale Pie?
236,What should the pie crust look like when it's done baking?
236,How long should I bake the Beef and Ale Pie to ensure it's cooked properly?
237,What type of pasta should I use in the Pasta Primavera recipe?
237,How long does it take to prepare the ingredients for the dish?
237,What is the main cooking method for this recipe?
237,Which cheese is recommended for garnishing the Pasta Primavera?
237,Can I use tomato sauce instead of olive oil for this dish?
239,What is the main ingredient in the Avocado Smoothie recipe?
239,How long does it take to prepare the Avocado Smoothie?
239,What method is used to make the Avocado Smoothie?
239,Should the Avocado Smoothie be served warm or chilled?
239,What other ingredients are needed to make the Avocado Smoothie?
240,What is the main ingredient in the Banana Smoothie recipe?
240,How long does it take to prepare the Banana Smoothie?
240,What is the cooking method used in this recipe?
240,Are there any additional ingredients recommended for the smoothie?
240,Should the Banana Smoothie be served warm or chilled?
242,What main ingredient do I need for the Quinoa Salad?
242,How long does it take to prepare the Quinoa Salad?
242,Is any cooking required for the Quinoa Salad?
242,Which ingredients should I mix with the cooked quinoa?
242,What is the cooking method for making the Quinoa Salad?
243,What is the main ingredient in the Chicken Tenders recipe?
243,How long does it take to prepare the Chicken Tenders?
243,What cooking method is used for the Chicken Tenders?
243,What type of dish are Chicken Tenders classified as?
243,What should I serve with Chicken Tenders?
244,What vegetables are recommended for roasting in this recipe?
244,How long do I need to prepare the vegetables before cooking?
244,What cooking method is used for this roasted vegetables dish?
244,Can you detail the cooking time for this recipe?
244,What seasonings can I use for the roasted vegetables?
245,What is the main ingredient used in the Chia Seed Pudding recipe?
245,How long do I need to refrigerate the pudding for it to thicken?
245,Can I use almond milk instead of regular milk for this recipe?
245,What is the total time required from preparation to serving the pudding?
245,What types of toppings can I add to the Chia Seed Pudding before serving?
246,What is the main ingredient used in the Sweet Potato Fries recipe?
246,How long does it take to prepare the Sweet Potato Fries before cooking?
246,What cooking method is used to make the Sweet Potato Fries?
246,What should I do with the sweet potatoes before baking them?
246,What is the desired outcome after baking the Sweet Potato Fries?
247,How long does it take to prepare the Chicken and Rice Soup?
247,What is the primary cooking method for this dish?
247,Which main ingredient is used in the Chicken and Rice Soup?
247,What type of dish is Chicken and Rice Soup classified as?
247,What should I do after cooking the soup?
248,What is the main ingredient used in the Lemon Bars recipe?
248,How long does it take to prepare the Lemon Bars?
248,What cooking method is used for making the Lemon Bars?
248,What should I do before serving the Lemon Bars?
248,How long should I bake the Lemon Bars until they are set?
250,What vegetables should I use for the frittata?
250,How long do I need to bake the frittata?
250,What type of cheese works best in this recipe?
250,Can I make the frittata ahead of time and reheat it?
250,What should I serve with the frittata for breakfast?
251,What is the primary ingredient used in the Beef Chili recipe?
251,How long does it take to prepare the ingredients for this recipe?
251,What is the cooking method used for the Beef Chili?
251,Can you suggest any side dishes to serve with the Beef Chili?
251,How long should the Beef Chili be simmered until it thickens?
253,What is the main ingredient used in the Spicy Tuna Sushi Rolls recipe?
253,How long does it take to prepare and cook the sushi rolls?
253,What are the main components used to make the roll?
253,What sauces are recommended to serve with the sushi rolls?
253,What is the cooking method used for the recipe?
255,What is the main ingredient of the Baked Macaroni and Cheese recipe?
255,How long does it take to prepare the macaroni and cheese before baking?
255,What type of cheese is used in the cheese sauce for this recipe?
255,What is the cooking method for Baked Macaroni and Cheese?
255,How long should the dish be baked until it is ready?
257,What is the main ingredient used in the Chicken Tortilla Soup?
257,How long does it take to prepare the Chicken Tortilla Soup?
257,What cooking method is used for making the Chicken Tortilla Soup?
257,What garnishes are suggested for the Chicken Tortilla Soup?
257,Which cuisine does the Chicken Tortilla Soup belong to?
